k,xk,f(xk),fd(xk),epsilon
0,0.5,-1.57073,-,-
1,1,-0.540302,2.06085,-
2,1.26217,-0.0709109,1.79038,0.207716
3,1.30178,-0.0020499,1.73863,0.0304249
4,1.30296,-7.78749e-006,1.73202,0.000904891
5,1.30296,-8.63026e-010,1.73183,3.45074e-006
6,1.30296,-2.22045e-016,1.73183,3.82461e-010
7,1.30296,1.66533e-016,1.75,1.70415e-016
