k,xk,f(xk),fd(xk),epsilon
0,0.5,1.29968,-,-
1,1,0.367879,-1.8636,-
2,1.1974,0.121822,-1.24647,0.164859
3,1.29514,0.015244,-1.0905,0.0754622
4,1.30912,0.000706761,-1.03994,0.0106782
5,1.3098,4.27754e-06,-1.03364,0.000518874
6,1.30979958464,1.20687531152e-09,-1.03335148427,3.1595e-06
7,1.3097995858,2.06380594038e-15,-1.03334973593,8.91681e-10
8,1.3097995858,3.84620720689e-17,-1.01348198785,1.52573e-15
