k,a,b,xk,f(xk),epsilon
0,-7,-6,-6.31145,-0.0168048,-
1,-6.31145,-6,-6.29463,0.000179208,0.00267279
2,-6.31145,-6.29463,-6.2948,-3.69434e-008,2.82013e-005
3,-6.2948,-6.29463,-6.2948,-6.32753e-014,5.81245e-009
4,-6.2948,-6.29463,-6.2948,-1.39819e-015,9.7357e-015
