k,xk,f(xk),fd(xk),epsilon
0,1.5,5.125,24.75,-
1,1.29293,0.963245,15.6609,0.160156
2,1.23142,0.0759881,13.2089,0.0499476
3,1.22567,0.000643447,12.9853,0.0046936
4,1.22562035901,4.75971125317e-008,12.9834196843,4.043e-005
5,1.22562035534,4.14598910758e-016,12.9834195421,2.99113e-009
6,1.22562035534,4.14598910758e-016,12.9834195421,0
