k,a,b,xk,f(xk),epsilon
0,0,1,0.5,0.625,-
1,0,0.5,0.25,-0.234375,1
2,0.25,0.5,0.375,0.177734,0.333333
3,0.25,0.375,0.3125,-0.0319824,0.2
32,0.322185,0.322185,0.322185,1.00847e-010,3.6133e-010
33,0.322185,0.322185,0.322185,-9.19029e-011,1.80665e-010
34,0.322185,0.322185,0.322185,4.47184e-012,9.03326e-011
