k,a,b,xk,f(xk),epsilon
0,2,3,2.5,-2.18249,-
1,2,2.5,2.25,-0.487736,0.111111
2,2,2.25,2.125,0.127103,0.0588235
3,2.125,2.25,2.1875,-0.162903,0.0285714
30,2.15329,2.15329,2.15329,6.23482e-010,2.16255e-010
31,2.15329,2.15329,2.15329,-4.50605e-010,1.08128e-010
32,2.15329,2.15329,2.15329,8.64375e-011,5.40639e-011
